[
      {
        "Name": "Toronto General Hospital",
        "Address": "200 Elizabeth Street, Toronto, ON M5G 2C4, Canada",
        "Doctor name": "Dr. Christopher T M Chan",
        "Description": "Divisional Director of Nephrology specializing in home hemodialysis and telehome care technology.",
        "Speciality tags": "nephrology; home hemodialysis",
        "Attribute": "treat",
        "Location": "Canada",
        "Latitude": 43.6532,
        "Longitude": -79.3832
      },
      {
        "Name": "Mayo Clinic Hospital – Rochester (Saint Mary's Campus)",
        "Address": "200 First St. SW, Rochester, MN 55905, USA",
        "Doctor name": "Dr. John T. Daugirdas",
        "Description": "Renowned nephrologist specializing in dialysis therapy and chronic kidney disease management.",
        "Speciality tags": "nephrology; dialysis",
        "Attribute": "treat",
        "Location": "USA",
        "Latitude": 44.022705,
        "Longitude": -92.467369
      },
      {
        "Name": "Apollo Hospitals – Greams Road, Chennai",
        "Address": "21, Greams Lane, Off Greams Road, Chennai – 600006, India",
        "Doctor name": "Dr. Muthu Krishna Mani",
        "Description": "Pioneer nephrologist, former chief of nephrology, acclaimed for renal therapeutics and treatment innovation.",
        "Speciality tags": "nephrology; kidney therapeutics",
        "Attribute": "treat",
        "Location": "India",
        "Latitude": 13.0632,
        "Longitude": 80.2515
      },
      {
        "Name": "Charité – Universitätsmedizin Berlin",
        "Address": "Charitéplatz 1, 10117 Berlin, Germany",
        "Doctor name": "Univ.-Prof. Dr. Kai-Uwe Eckardt",
        "Description": "Director of the Division of Nephrology and Intensive Care, renowned for expertise in acute and chronic kidney diseases.",
        "Speciality tags": "nephrology; intensive care",
        "Attribute": "treat",
        "Location": "Germany",
        "Latitude": 52.5226639,
        "Longitude": 13.3744973
      },
      {
        "Name": "Groote Schuur Hospital",
        "Address": "Main Road, Observatory, Cape Town, 7925, South Africa",
        "Doctor name": "A/Prof Nicola Wearne",
        "Description": "Head of Nephrology and Hypertension division, specialist in HIV-associated kidney disease and peritoneal dialysis.",
        "Speciality tags": "nephrology; hypertension; peritoneal dialysis; HIV renal care",
        "Attribute": "treat",
        "Location": "South Africa",
        "Latitude": -33.94139,
        "Longitude": 18.46278
      },
      {
        "Name": "Chris Hani Baragwanath Academic Hospital",
        "Address": "26 Chris Hani Road, Soweto, Johannesburg 1864, South Africa",
        "Doctor name": "A/Prof Brian Rayner",
        "Description": "Head of Nephrology and Hypertension division at the largest hospital in Africa, expert in kidney disease research.",
        "Speciality tags": "nephrology; hypertension",
        "Attribute": "treat",
        "Location": "South Africa",
        "Latitude": -26.26083,
        "Longitude": 27.94306
      },
      {
        "Name": "The Mount Sinai Hospital",
        "Address": "1 Gustave L. Levy Place, 1468 Madison Avenue, East Harlem, Manhattan, New York, NY 10029, USA",
        "Doctor name": "Dr. John He, MD, PhD",
        "Description": "Director of Nephrology division focusing on patient care, clinical and basic research, and education.",
        "Speciality tags": "nephrology; research; education",
        "Attribute": "treat",
        "Location": "USA",
        "Latitude": 40.790066,
        "Longitude": -73.953249
      },
      {
        "Name": "Singapore General Hospital",
        "Address": "Outram Road, Singapore 169608",
        "Doctor name": "Clinical Assoc Prof Tan Chieh Suai",
        "Description": "Head of Department of Renal Medicine, specializing in comprehensive management of kidney diseases and dialysis therapies.",
        "Speciality tags": "nephrology; dialysis; kidney disease",
        "Attribute": "treat",
        "Location": "Singapore",
        "Latitude": 1.278667,
        "Longitude": 103.834361
      },
      {
        "Name": "Hospital Israelita Albert Einstein",
        "Address": "Avenida Albert Einstein, 627/701 – Morumbi, São Paulo – SP, 05652-900, Brazil",
        "Doctor name": "Dr. Alvaro Pacheco e Silva Filho",
        "Description": "Coordinator of renal transplant sector, expert in immunology and molecular nephrology.",
        "Speciality tags": "nephrology; transplant",
        "Attribute": "treat",
        "Location": "Brazil",
        "Latitude": -23.6,
        "Longitude": -46.71528
      },
      {
        "Name": "Westmead Hospital",
        "Address": "Cnr Hawkesbury Road and Darcy Road, Westmead, New South Wales, Australia",
        "Doctor name": "Professor Germaine Wong",
        "Description": "Transplant nephrologist, Director of Renal and Transplant Medicine, renowned for clinical epidemiology and kidney disease research.",
        "Speciality tags": "nephrology; transplant; research",
        "Attribute": "treat",
        "Location": "Australia",
        "Latitude": -33.8045,
        "Longitude": 150.9886
      }
    ]
  